"extId","generalSophistication","WMC3","WMC6","MDT.ability","MDT.ability_sem","BAT.ability","BAT.ability_sem","Age","BioSex","Education","Education_Year","Ethnicity","Musicianship","processing","LAQ_music"
"AB2331",91,1,0.875,-0.229591502,0.57555973,-1.482958987,0.688969451,18,"Female","A level; Access to higher education diploma; Advanced apprenticeship; Applied general; AS level; International Baccalaureate diploma; Level 3 award, certificate, diploma, ESOL, or NVQ; Music grades 6-8; Tech level",13,"Asian / Asian British",2,0.986111111111111,1
"AC1207",91,0.9583333335,0.875,0.62353158,0.495003985,-0.257311358,0.662595331,23,"Male","A level; Access to higher education diploma; Advanced apprenticeship; Applied general; AS level; International Baccalaureate diploma; Level 3 award, certificate, diploma, ESOL, or NVQ; Music grades 6-8; Tech level",16,"Asian / Asian British",1,0.944444444444444,5
"AD0645",68,1,0.8958333335,0.943902049,0.492366266,-0.055628171,0.610338041,25,"Male","Integrated master's degree (E.g., MEng); Level 7 award, certificate, diploma, or NVQ; Master'39;s degree (E.g., MA, MSc); Postgraduate certificate; Postgraduate certificate in education (PGCE); Postgraduate diploma",17,"Asian / Asian British",2,1,1
"AD2146",73,0.2916666665,0.2083333335,-0.990065235,0.690218135,-0.798097261,0.670998835,24,"Male","Degree apprenticeship; Degree with honours (e.g., BA, BSc); Graduate certificate; Graduate diploma; Level 6 award, certificate, diploma, or NVQ; Ordinary degree without honours",16,"Asian / Asian British",2,0.944444444444444,4
"AG1208",55,1,1,-1.00126259,0.486708351,-1.551367608,0.81543798,32,"Male","Integrated master's degree (E.g., MEng); Level 7 award, certificate, diploma, or NVQ; Master'39;s degree (E.g., MA, MSc); Postgraduate certificate; Postgraduate certificate in education (PGCE); Postgraduate diploma",25,"White",2,0.986111111111111,1
"AH0747",67,0.416666667,0.125,-1.106654164,0.542468698,-1.433414018,0.836133881,19,"Female","A level; Access to higher education diploma; Advanced apprenticeship; Applied general; AS level; International Baccalaureate diploma; Level 3 award, certificate, diploma, ESOL, or NVQ; Music grades 6-8; Tech level",14,"Asian / Asian British",2,0.805555555555556,1
"AM0188",92,0.9166666665,0.8125,1.345729388,0.508480005,2.072313186,0.667973587,34,"Male","Degree apprenticeship; Degree with honours (e.g., BA, BSc); Graduate certificate; Graduate diploma; Level 6 award, certificate, diploma, or NVQ; Ordinary degree without honours",16,"Other",2,0.972222222222222,3
"AM0235",37,1,0.9375,-1.808744313,0.618032319,-0.875686529,0.663812818,18,"Male","A level; Access to higher education diploma; Advanced apprenticeship; Applied general; AS level; International Baccalaureate diploma; Level 3 award, certificate, diploma, ESOL, or NVQ; Music grades 6-8; Tech level",13,"White",2,0.944444444444444,1
"AM1513",85,1,0.9583333335,1.139645042,0.500229751,0.39725066,0.592648897,19,"Male","A level; Access to higher education diploma; Advanced apprenticeship; Applied general; AS level; International Baccalaureate diploma; Level 3 award, certificate, diploma, ESOL, or NVQ; Music grades 6-8; Tech level",15,"White",2,0.986111111111111,1
"AM2391",49,0.75,0.7291666665,-0.717846733,0.481217748,0.890511838,0.585495988,18,"Male","A level; Access to higher education diploma; Advanced apprenticeship; Applied general; AS level; International Baccalaureate diploma; Level 3 award, certificate, diploma, ESOL, or NVQ; Music grades 6-8; Tech level",14,"White",2,0.972222222222222,1
"AN0154",47,1,0.9375,0.050221777,0.487235719,-0.862333391,0.958317266,26,"Female","Integrated master's degree (E.g., MEng); Level 7 award, certificate, diploma, or NVQ; Master'39;s degree (E.g., MA, MSc); Postgraduate certificate; Postgraduate certificate in education (PGCE); Postgraduate diploma",18,"White",2,0.972222222222222,1
"AN0507",43,0.125,0.1041666665,-1.353304676,0.638092242,-0.416367609,0.609880174,32,"Male","Integrated master's degree (E.g., MEng); Level 7 award, certificate, diploma, or NVQ; Master'39;s degree (E.g., MA, MSc); Postgraduate certificate; Postgraduate certificate in education (PGCE); Postgraduate diploma",20,"Other",2,0.972222222222222,1
"AN0510",71,1,0.9375,0.279003969,0.493810801,-0.921318402,0.652234326,26,"Female","Integrated master's degree (E.g., MEng); Level 7 award, certificate, diploma, or NVQ; Master'39;s degree (E.g., MA, MSc); Postgraduate certificate; Postgraduate certificate in education (PGCE); Postgraduate diploma",19,"Other",2,0.986111111111111,1
"AN0520",96,1,0.9791666665,-0.082647922,0.489910814,0.278321655,0.586188782,18,"Female","A level; Access to higher education diploma; Advanced apprenticeship; Applied general; AS level; International Baccalaureate diploma; Level 3 award, certificate, diploma, ESOL, or NVQ; Music grades 6-8; Tech level",12,"Asian / Asian British",1,0.972222222222222,5
"AN0527",61,1,1,0.743673426,0.484060358,0.47213668,0.585392579,18,"Female","A level; Access to higher education diploma; Advanced apprenticeship; Applied general; AS level; International Baccalaureate diploma; Level 3 award, certificate, diploma, ESOL, or NVQ; Music grades 6-8; Tech level",14,"White",2,1,3
"AN0596",58,0.125,0.1875,-0.637038555,0.515527573,0.139239248,0.668293465,28,"Female","Degree apprenticeship; Degree with honours (e.g., BA, BSc); Graduate certificate; Graduate diploma; Level 6 award, certificate, diploma, or NVQ; Ordinary degree without honours",16,"Asian / Asian British",2,0.972222222222222,1
"AN1217",68,1,0.9583333335,-0.112972958,0.482683918,-0.078742711,0.609384817,22,"Female","Degree apprenticeship; Degree with honours (e.g., BA, BSc); Graduate certificate; Graduate diploma; Level 6 award, certificate, diploma, or NVQ; Ordinary degree without honours",16,"Asian / Asian British",2,0.986111111111111,1
"AN1300",52,1,0.916666667,-1.600054662,0.549075654,-0.368565272,0.608758526,31,"Male","Integrated master's degree (E.g., MEng); Level 7 award, certificate, diploma, or NVQ; Master'39;s degree (E.g., MA, MSc); Postgraduate certificate; Postgraduate certificate in education (PGCE); Postgraduate diploma",19,"Other",2,1,1
"AN1382",106,0.9583333335,0.9375,0.917758753,0.48457877,0.710261779,0.587134868,18,"Male","A level; Access to higher education diploma; Advanced apprenticeship; Applied general; AS level; International Baccalaureate diploma; Level 3 award, certificate, diploma, ESOL, or NVQ; Music grades 6-8; Tech level",14,"White",1,0.972222222222222,5
"AN1883",47,1,0.875,-1.243637895,0.550265357,0.116175601,0.589596188,31,"Female","Integrated master's degree (E.g., MEng); Level 7 award, certificate, diploma, or NVQ; Master'39;s degree (E.g., MA, MSc); Postgraduate certificate; Postgraduate certificate in education (PGCE); Postgraduate diploma",14,"Other",2,1,1
"AN1953",99,1,0.9583333335,-0.258479484,0.492134828,0.960429451,0.583896149,19,"Male","A level; Access to higher education diploma; Advanced apprenticeship; Applied general; AS level; International Baccalaureate diploma; Level 3 award, certificate, diploma, ESOL, or NVQ; Music grades 6-8; Tech level",15,"White",1,1,4
"AN2015",56,1,0.9375,0.538656737,0.481210433,-0.629345799,0.766282078,23,"Male","Degree apprenticeship; Degree with honours (e.g., BA, BSc); Graduate certificate; Graduate diploma; Level 6 award, certificate, diploma, or NVQ; Ordinary degree without honours",16,"Asian / Asian British",2,0.972222222222222,1
"AN2176",80,1,0.75,-0.481639574,0.493112985,0.357425048,0.611872152,31,"Female","Diploma of higher education (DipHE); Foundation degree; Level 5 award, certificate, diploma, or NVQ",15,"White",2,1,1
"AN2325",58,1,0.9166666665,0.291627699,0.47896964,-0.010604454,0.589295925,24,"Male","Integrated master's degree (E.g., MEng); Level 7 award, certificate, diploma, or NVQ; Master'39;s degree (E.g., MA, MSc); Postgraduate certificate; Postgraduate certificate in education (PGCE); Postgraduate diploma",18,"Asian / Asian British",2,0.958333333333333,1
"AN2632",71,0.9583333335,1,-1.353574863,0.550495747,-0.079385703,0.611936346,23,"Male","Degree apprenticeship; Degree with honours (e.g., BA, BSc); Graduate certificate; Graduate diploma; Level 6 award, certificate, diploma, or NVQ; Ordinary degree without honours",19,"Asian / Asian British",2,1,1
"AN2840",49,1,0.875,-0.127268693,0.485359691,1.085817602,0.590632897,35,"Male","Diploma of higher education (DipHE); Foundation degree; Level 5 award, certificate, diploma, or NVQ",21,"White",2,1,1
"AN2885",72,0.375,0.2083333335,-1.600054662,0.549075654,0.895646383,0.580949026,19,"Female","A level; Access to higher education diploma; Advanced apprenticeship; Applied general; AS level; International Baccalaureate diploma; Level 3 award, certificate, diploma, ESOL, or NVQ; Music grades 6-8; Tech level",12,"Asian / Asian British",2,0.986111111111111,1
"AN3158",51,1,0.8125,-0.287367183,0.51484103,-2.393593918,1.717757972,25,"Male","Degree apprenticeship; Degree with honours (e.g., BA, BSc); Graduate certificate; Graduate diploma; Level 6 award, certificate, diploma, or NVQ; Ordinary degree without honours",16,"Asian / Asian British",2,1,1
"AO2840",83,1,1,-0.084083081,0.478929253,-0.381864068,0.609838779,23,"Male","Integrated master's degree (E.g., MEng); Level 7 award, certificate, diploma, or NVQ; Master'39;s degree (E.g., MA, MSc); Postgraduate certificate; Postgraduate certificate in education (PGCE); Postgraduate diploma",16,"White",2,0.972222222222222,1
"AR0464",50,0.8333333335,0.5833333335,-2.625651143,1.138445743,-2.758728035,0.899661151,19,"Female","A level; Access to higher education diploma; Advanced apprenticeship; Applied general; AS level; International Baccalaureate diploma; Level 3 award, certificate, diploma, ESOL, or NVQ; Music grades 6-8; Tech level",15,"White",2,0.902777777777778,1
"AR1915",70,0.375,0.2291666665,-1.114456233,0.610056494,-0.880935888,0.732400982,28,"Female","Integrated master's degree (E.g., MEng); Level 7 award, certificate, diploma, or NVQ; Master'39;s degree (E.g., MA, MSc); Postgraduate certificate; Postgraduate certificate in education (PGCE); Postgraduate diploma",18,"Asian / Asian British",2,1,3
"AR1989",43,1,0.9166666665,-0.724987588,0.477233703,0.39063695,0.616854445,34,"Female","Integrated master's degree (E.g., MEng); Level 7 award, certificate, diploma, or NVQ; Master'39;s degree (E.g., MA, MSc); Postgraduate certificate; Postgraduate certificate in education (PGCE); Postgraduate diploma",18,"Asian / Asian British",2,0.986111111111111,1
"AS2138",93,1,0.8125,-0.248795176,0.489095726,0.78484344,0.577588847,20,"Male","A level; Access to higher education diploma; Advanced apprenticeship; Applied general; AS level; International Baccalaureate diploma; Level 3 award, certificate, diploma, ESOL, or NVQ; Music grades 6-8; Tech level",16,"White",1,1,5
"AY0849",43,0.875,0.8333333335,0.454531387,0.482420827,-0.040877965,0.589208512,26,"Male","Integrated master's degree (E.g., MEng); Level 7 award, certificate, diploma, or NVQ; Master'39;s degree (E.g., MA, MSc); Postgraduate certificate; Postgraduate certificate in education (PGCE); Postgraduate diploma",21,"White",2,0.972222222222222,1
"AY1953",39,1,0.875,-0.943372128,0.509576112,-1.323154309,0.908408315,29,"Male","Integrated master's degree (E.g., MEng); Level 7 award, certificate, diploma, or NVQ; Master'39;s degree (E.g., MA, MSc); Postgraduate certificate; Postgraduate certificate in education (PGCE); Postgraduate diploma",19,"White",2,0.916666666666667,1
"BE0899",34,1,0.7708333335,-0.345899315,0.574794542,-0.070742077,0.611498842,19,"Female","A level; Access to higher education diploma; Advanced apprenticeship; Applied general; AS level; International Baccalaureate diploma; Level 3 award, certificate, diploma, ESOL, or NVQ; Music grades 6-8; Tech level",15,"White",2,0.930555555555556,1
"BE1252",69,1,0.916666667,0.825800983,0.483489149,0.756560603,0.579956657,21,"Female","A level; Access to higher education diploma; Advanced apprenticeship; Applied general; AS level; International Baccalaureate diploma; Level 3 award, certificate, diploma, ESOL, or NVQ; Music grades 6-8; Tech level",13,"White",2,0.986111111111111,1
"CA2618",65,1,0.6041666665,-1.00661391,0.51235539,0.498010412,0.617229841,29,"Female","Degree apprenticeship; Degree with honours (e.g., BA, BSc); Graduate certificate; Graduate diploma; Level 6 award, certificate, diploma, or NVQ; Ordinary degree without honours",16,"White",2,0.986111111111111,1
"CA2680",60,1,0.8125,-1.331698649,0.637831041,-0.480347453,0.656135604,18,"Female","A level; Access to higher education diploma; Advanced apprenticeship; Applied general; AS level; International Baccalaureate diploma; Level 3 award, certificate, diploma, ESOL, or NVQ; Music grades 6-8; Tech level",14,"White",2,0.958333333333333,1
"CA3097",50,1,0.9583333335,-0.803700125,0.553647027,0.138608769,0.611491218,19,"Female","A level; Access to higher education diploma; Advanced apprenticeship; Applied general; AS level; International Baccalaureate diploma; Level 3 award, certificate, diploma, ESOL, or NVQ; Music grades 6-8; Tech level",15,"White",2,0.986111111111111,1
"CE2244",41,1,0.791666667,-1.600054662,0.549075654,-0.18374018,0.673734268,25,"Female","Degree apprenticeship; Degree with honours (e.g., BA, BSc); Graduate certificate; Graduate diploma; Level 6 award, certificate, diploma, or NVQ; Ordinary degree without honours",17,"White",2,0.944444444444444,1
"CK0735",99,1,0.8333333335,0.146795921,0.492617941,-0.127562053,0.664175331,22,"Male","A level; Access to higher education diploma; Advanced apprenticeship; Applied general; AS level; International Baccalaureate diploma; Level 3 award, certificate, diploma, ESOL, or NVQ; Music grades 6-8; Tech level",15,"White",1,0.986111111111111,4
"CP0636",52,0.9166666665,0.7916666665,0.588790001,0.510778297,0.623801457,0.590614907,18,"Male","A level; Access to higher education diploma; Advanced apprenticeship; Applied general; AS level; International Baccalaureate diploma; Level 3 award, certificate, diploma, ESOL, or NVQ; Music grades 6-8; Tech level",13,"White",2,0.958333333333333,1
"CY2785",64,1,1,1.26486102,0.506763421,0.000791056,0.616174068,18,"Female","A level; Access to higher education diploma; Advanced apprenticeship; Applied general; AS level; International Baccalaureate diploma; Level 3 award, certificate, diploma, ESOL, or NVQ; Music grades 6-8; Tech level",15,"White",2,0.972222222222222,2
"DA0321",72,0.625,0.75,-2.274824658,0.940904149,-3.949444958,2.963033856,28,"Female","Integrated master's degree (E.g., MEng); Level 7 award, certificate, diploma, or NVQ; Master'39;s degree (E.g., MA, MSc); Postgraduate certificate; Postgraduate certificate in education (PGCE); Postgraduate diploma",20,"White",2,0.986111111111111,2
"DA0594",48,1,0.7291666665,-0.166334033,0.479371626,0.204182351,0.584295855,19,"Female","A level; Access to higher education diploma; Advanced apprenticeship; Applied general; AS level; International Baccalaureate diploma; Level 3 award, certificate, diploma, ESOL, or NVQ; Music grades 6-8; Tech level",13,"White",2,0.930555555555556,1
"DA1109",41,0.9583333335,0.7916666665,-0.429615824,0.52274635,0.34121388,0.584218679,34,"Male","Integrated master's degree (E.g., MEng); Level 7 award, certificate, diploma, or NVQ; Master'39;s degree (E.g., MA, MSc); Postgraduate certificate; Postgraduate certificate in education (PGCE); Postgraduate diploma",18,"White",2,1,1
"DA2623",60,1,0.875,0.474145548,0.496824106,-0.866485663,0.647826489,20,"Female","A level; Access to higher education diploma; Advanced apprenticeship; Applied general; AS level; International Baccalaureate diploma; Level 3 award, certificate, diploma, ESOL, or NVQ; Music grades 6-8; Tech level",14,"Asian / Asian British",2,0.972222222222222,1
"DI0621",55,0.8333333335,0.8125,-0.934178714,0.560894387,-1.758620418,1.242112328,30,"Male","Integrated master's degree (E.g., MEng); Level 7 award, certificate, diploma, or NVQ; Master'39;s degree (E.g., MA, MSc); Postgraduate certificate; Postgraduate certificate in education (PGCE); Postgraduate diploma",18,"White",2,0.986111111111111,1
"DI1828",62,0.375,0.333333333,-0.567735431,0.560030627,0.701665379,0.585490564,24,"Female","Degree apprenticeship; Degree with honours (e.g., BA, BSc); Graduate certificate; Graduate diploma; Level 6 award, certificate, diploma, or NVQ; Ordinary degree without honours",17,"Prefer not to answer",2,0.986111111111111,1
"DU1145",68,0.375,0.25,-0.081921168,0.490481351,-0.99979487,0.649925138,18,"Female","Prefer not to answer",17,"Black / African / Caribbean / Black British",2,0.819444444444444,3
"EA0378",101,0.375,0.166666667,1.167688247,0.502550149,-0.16541081,0.586786631,20,"Female","A level; Access to higher education diploma; Advanced apprenticeship; Applied general; AS level; International Baccalaureate diploma; Level 3 award, certificate, diploma, ESOL, or NVQ; Music grades 6-8; Tech level",14,"Asian / Asian British",2,0.972222222222222,3
"EE0753",71,0.9166666665,0.875,0.462170991,0.494183828,-0.581441715,0.609988086,25,"Female","Degree apprenticeship; Degree with honours (e.g., BA, BSc); Graduate certificate; Graduate diploma; Level 6 award, certificate, diploma, or NVQ; Ordinary degree without honours",16,"Asian / Asian British",2,1,2
"EH2880",70,0.7916666665,0.8333333335,-0.369075663,0.477680005,-1.80170937,0.786350665,22,"Female","A level; Access to higher education diploma; Advanced apprenticeship; Applied general; AS level; International Baccalaureate diploma; Level 3 award, certificate, diploma, ESOL, or NVQ; Music grades 6-8; Tech level",8,"Asian / Asian British",2,0.958333333333333,1
"EI2360",57,1,0.9791666665,-0.045929642,0.519769671,0.181392406,0.576886497,30,"Male","Integrated master's degree (E.g., MEng); Level 7 award, certificate, diploma, or NVQ; Master'39;s degree (E.g., MA, MSc); Postgraduate certificate; Postgraduate certificate in education (PGCE); Postgraduate diploma",25,"Asian / Asian British",2,0.986111111111111,1
"EK0357",78,0.9166666665,0.7708333335,-1.191116479,0.840662491,-2.451511945,1.211535641,24,"Male","Degree apprenticeship; Degree with honours (e.g., BA, BSc); Graduate certificate; Graduate diploma; Level 6 award, certificate, diploma, or NVQ; Ordinary degree without honours",19,"Asian / Asian British",2,0.986111111111111,4
"EL0448",43,0.9583333335,0.9583333335,-2.057756955,0.719169092,-2.347692603,2.197360337,18,"Male","A level; Access to higher education diploma; Advanced apprenticeship; Applied general; AS level; International Baccalaureate diploma; Level 3 award, certificate, diploma, ESOL, or NVQ; Music grades 6-8; Tech level",10,"White",2,0.972222222222222,1
"EL0556",94,1,0.8125,1.041276655,0.496194429,-0.432869579,0.657359506,19,"Female","A level; Access to higher education diploma; Advanced apprenticeship; Applied general; AS level; International Baccalaureate diploma; Level 3 award, certificate, diploma, ESOL, or NVQ; Music grades 6-8; Tech level",16,"White",1,1,1
"EL0562",72,1,0.75,-0.74147061,0.579859344,0.327784599,0.59538532,18,"Female","A level; Access to higher education diploma; Advanced apprenticeship; Applied general; AS level; International Baccalaureate diploma; Level 3 award, certificate, diploma, ESOL, or NVQ; Music grades 6-8; Tech level",14,"Asian / Asian British",2,0.986111111111111,4
"EL0968",70,1,0.6666666665,-0.015044581,0.487381826,1.246909843,0.585056478,33,"Male","Integrated master's degree (E.g., MEng); Level 7 award, certificate, diploma, or NVQ; Master'39;s degree (E.g., MA, MSc); Postgraduate certificate; Postgraduate certificate in education (PGCE); Postgraduate diploma",20,"White",2,0.944444444444444,1
"EL0989",84,0.916666667,0.9166666665,1.054405169,0.508196677,1.110618708,0.583868954,19,"Male","A level; Access to higher education diploma; Advanced apprenticeship; Applied general; AS level; International Baccalaureate diploma; Level 3 award, certificate, diploma, ESOL, or NVQ; Music grades 6-8; Tech level",15,"White",1,0.930555555555556,1
"EL1073",103,1,0.9375,-0.071584183,0.491521751,0.077373745,0.615821893,30,"Male","Degree apprenticeship; Degree with honours (e.g., BA, BSc); Graduate certificate; Graduate diploma; Level 6 award, certificate, diploma, or NVQ; Ordinary degree without honours",14,"Asian / Asian British",2,0.986111111111111,2
"EL2128",74,1,1,0.370793996,0.481756821,-0.252048153,0.660490655,18,"Female","A level; Access to higher education diploma; Advanced apprenticeship; Applied general; AS level; International Baccalaureate diploma; Level 3 award, certificate, diploma, ESOL, or NVQ; Music grades 6-8; Tech level",14,"White",2,0.986111111111111,1
"EM0118",40,1,0.9375,-0.625165215,0.591687614,-3.971605888,3.075194645,27,"Female","Integrated master's degree (E.g., MEng); Level 7 award, certificate, diploma, or NVQ; Master'39;s degree (E.g., MA, MSc); Postgraduate certificate; Postgraduate certificate in education (PGCE); Postgraduate diploma",21,"White",2,0.972222222222222,1
"EM1190",54,1,0.8125,-0.704484731,0.47589886,-0.98875444,0.722940043,26,"Female","Degree apprenticeship; Degree with honours (e.g., BA, BSc); Graduate certificate; Graduate diploma; Level 6 award, certificate, diploma, or NVQ; Ordinary degree without honours",24,"White",2,1,1
"EN2058",85,0.333333333,0.2708333335,0.31417782,0.480839755,0.301418697,0.613456889,18,"Male","Prefer not to answer",11,"Asian / Asian British",2,0.986111111111111,6
"EO0891",72,1,0.9166666665,0.68165525,0.4793423,-0.817842177,0.649786142,18,"Male","A level; Access to higher education diploma; Advanced apprenticeship; Applied general; AS level; International Baccalaureate diploma; Level 3 award, certificate, diploma, ESOL, or NVQ; Music grades 6-8; Tech level",14,"White",2,0.972222222222222,6
"ER0194",46,0.9583333335,0.8125,-0.072205092,0.483489889,0.817288768,0.586959494,28,"Male","Integrated master's degree (E.g., MEng); Level 7 award, certificate, diploma, or NVQ; Master'39;s degree (E.g., MA, MSc); Postgraduate certificate; Postgraduate certificate in education (PGCE); Postgraduate diploma",15,"Other",2,0.958333333333333,1
"ER1830",72,0.9583333335,0.875,-1.820901625,0.609785234,-0.881119218,1.014395546,18,"Female","A level; Access to higher education diploma; Advanced apprenticeship; Applied general; AS level; International Baccalaureate diploma; Level 3 award, certificate, diploma, ESOL, or NVQ; Music grades 6-8; Tech level",14,"White",2,0.986111111111111,1
"ER3038",98,1,1,1.5868756,0.501051891,0.556136676,0.578290849,21,"Male","A level; Access to higher education diploma; Advanced apprenticeship; Applied general; AS level; International Baccalaureate diploma; Level 3 award, certificate, diploma, ESOL, or NVQ; Music grades 6-8; Tech level",15,"White",1,0.972222222222222,6
"ES0908",97,1,1,1.930933985,0.585001076,0.810316045,0.576395441,31,"Male","Integrated master's degree (E.g., MEng); Level 7 award, certificate, diploma, or NVQ; Master'39;s degree (E.g., MA, MSc); Postgraduate certificate; Postgraduate certificate in education (PGCE); Postgraduate diploma",19,"White",1,0.986111111111111,3
"ES1009",77,1,0.9791666665,-0.84681824,0.642500746,-0.773406357,0.653760168,23,"Male","Diploma of higher education (DipHE); Foundation degree; Level 5 award, certificate, diploma, or NVQ",3,"Asian / Asian British",2,0.986111111111111,1
"ES1102",80,1,0.9791666665,1.559053276,0.530389615,1.149143815,0.582348434,19,"Male","A level; Access to higher education diploma; Advanced apprenticeship; Applied general; AS level; International Baccalaureate diploma; Level 3 award, certificate, diploma, ESOL, or NVQ; Music grades 6-8; Tech level",15,"Mixed / Multiple Ethnic Groups",1,1,5
"ES1586",62,0.833333333,0.8333333335,-1.022803099,0.523594509,0.111130937,0.614787441,18,"Male","A level; Access to higher education diploma; Advanced apprenticeship; Applied general; AS level; International Baccalaureate diploma; Level 3 award, certificate, diploma, ESOL, or NVQ; Music grades 6-8; Tech level",13,"White",2,0.916666666666667,1
"ET0193",83,1,1,-0.505094646,0.518988812,0.023718563,0.584451435,29,"Male","Integrated master's degree (E.g., MEng); Level 7 award, certificate, diploma, or NVQ; Master'39;s degree (E.g., MA, MSc); Postgraduate certificate; Postgraduate certificate in education (PGCE); Postgraduate diploma",22,"Prefer not to answer",1,1,2
"ET0355",49,0.7916666665,0.7291666665,-0.096967053,0.480368296,-1.224012034,0.715187149,27,"Male","Integrated master's degree (E.g., MEng); Level 7 award, certificate, diploma, or NVQ; Master'39;s degree (E.g., MA, MSc); Postgraduate certificate; Postgraduate certificate in education (PGCE); Postgraduate diploma",20,"White",2,0.944444444444444,1
"EW1371",57,1,0.8333333335,-0.334458674,0.511823822,-3.469074995,2.527830369,27,"Male","Degree apprenticeship; Degree with honours (e.g., BA, BSc); Graduate certificate; Graduate diploma; Level 6 award, certificate, diploma, or NVQ; Ordinary degree without honours",16,"Asian / Asian British",2,1,1
"EW1418",55,0.875,0.9375,-0.601911044,0.476267812,0.450498403,0.590195099,20,"Male","A level; Access to higher education diploma; Advanced apprenticeship; Applied general; AS level; International Baccalaureate diploma; Level 3 award, certificate, diploma, ESOL, or NVQ; Music grades 6-8; Tech level",16,"White",2,1,1
"EW2240",69,0.9583333335,0.7291666665,-0.446912756,0.510702693,-0.053712707,0.666118363,19,"Male","A level; Access to higher education diploma; Advanced apprenticeship; Applied general; AS level; International Baccalaureate diploma; Level 3 award, certificate, diploma, ESOL, or NVQ; Music grades 6-8; Tech level",14,"White",2,0.902777777777778,2
"EY1994",67,1,0.770833333,0.665710276,0.490713342,0.034660344,0.614725043,22,"Female","Degree apprenticeship; Degree with honours (e.g., BA, BSc); Graduate certificate; Graduate diploma; Level 6 award, certificate, diploma, or NVQ; Ordinary degree without honours",18,"Black / African / Caribbean / Black British",2,0.972222222222222,1
"FA3189",65,0.875,0.6458333335,-0.701374575,0.490020807,0.53846195,0.613150454,24,"Male","Degree apprenticeship; Degree with honours (e.g., BA, BSc); Graduate certificate; Graduate diploma; Level 6 award, certificate, diploma, or NVQ; Ordinary degree without honours",16,"White",2,0.944444444444444,1
"HA0458",63,0.4583333335,0.25,-0.860434666,0.487001412,-0.979055654,0.644177916,26,"Female","Degree apprenticeship; Degree with honours (e.g., BA, BSc); Graduate certificate; Graduate diploma; Level 6 award, certificate, diploma, or NVQ; Ordinary degree without honours",17,"Asian / Asian British",2,0.944444444444444,1
"HA0538",39,1,0.5416666665,0.178356676,0.481289465,0.600645146,0.584626234,21,"Female","A level; Access to higher education diploma; Advanced apprenticeship; Applied general; AS level; International Baccalaureate diploma; Level 3 award, certificate, diploma, ESOL, or NVQ; Music grades 6-8; Tech level",13,"White",2,0.958333333333333,1
"HA1083",91,1,0.9583333335,-0.438812085,0.558965143,-1.969233364,0.982691654,30,"Female","Integrated master's degree (E.g., MEng); Level 7 award, certificate, diploma, or NVQ; Master'39;s degree (E.g., MA, MSc); Postgraduate certificate; Postgraduate certificate in education (PGCE); Postgraduate diploma",12,"Prefer not to answer",2,0.958333333333333,1
"HA2096",64,1,0.7708333335,-1.222188139,0.559224415,0.366886011,0.584255054,30,"Female","Prefer not to answer",16,"Other",2,0.916666666666667,1
"HA2167",80,0.7083333335,0.2708333335,0.450837491,0.498800283,0.258691063,0.587391525,22,"Female","Diploma of higher education (DipHE); Foundation degree; Level 5 award, certificate, diploma, or NVQ",15,"Asian / Asian British",2,0.972222222222222,4
"HI1771",75,1,0.9791666665,0.376577233,0.505166887,-0.755295142,0.737859589,23,"Female","Degree apprenticeship; Degree with honours (e.g., BA, BSc); Graduate certificate; Graduate diploma; Level 6 award, certificate, diploma, or NVQ; Ordinary degree without honours",19,"Asian / Asian British",2,0.986111111111111,1
"HI1974",54,0.375,0.1666666665,-0.448946774,0.511793475,0.853404772,0.58467972,31,"Male","Integrated master's degree (E.g., MEng); Level 7 award, certificate, diploma, or NVQ; Master'39;s degree (E.g., MA, MSc); Postgraduate certificate; Postgraduate certificate in education (PGCE); Postgraduate diploma",24,"White",2,0.916666666666667,1
"HI2240",87,0.9583333335,0.8958333335,0.152997919,0.478050072,-1.189116245,0.647964676,31,"Female","Degree apprenticeship; Degree with honours (e.g., BA, BSc); Graduate certificate; Graduate diploma; Level 6 award, certificate, diploma, or NVQ; Ordinary degree without honours",18,"Asian / Asian British",2,0.986111111111111,1
"HI2999",61,1,1,-0.701113245,0.491165533,-0.319440207,0.611114262,25,"Female","Degree apprenticeship; Degree with honours (e.g., BA, BSc); Graduate certificate; Graduate diploma; Level 6 award, certificate, diploma, or NVQ; Ordinary degree without honours",17,"Asian / Asian British",2,1,1
"HY1498",78,0.9583333335,0.7291666665,-0.22150264,0.513710915,0.193713959,0.586035778,34,"Female","Integrated master's degree (E.g., MEng); Level 7 award, certificate, diploma, or NVQ; Master'39;s degree (E.g., MA, MSc); Postgraduate certificate; Postgraduate certificate in education (PGCE); Postgraduate diploma",18,"Asian / Asian British",2,0.986111111111111,2
"IA0615",47,1,0.9583333335,-1.395955647,0.559935472,-0.494568699,0.614380465,20,"Female","A level; Access to higher education diploma; Advanced apprenticeship; Applied general; AS level; International Baccalaureate diploma; Level 3 award, certificate, diploma, ESOL, or NVQ; Music grades 6-8; Tech level",15,"White",2,0.986111111111111,1
"IA0618",41,1,0.75,-1.118499332,0.552867743,0.468327151,0.621173202,18,"Female","A level; Access to higher education diploma; Advanced apprenticeship; Applied general; AS level; International Baccalaureate diploma; Level 3 award, certificate, diploma, ESOL, or NVQ; Music grades 6-8; Tech level",13,"White",2,0.986111111111111,1
"IA0715",75,0.9583333335,0.791666667,-0.883861038,0.556624782,0.836825192,0.582787839,19,"Female","Certificate of higher education (CertHE); Higher apprenticeship; Higher national certificate (HNC); Level 4 award, certificate, diploma, or NVQ",11,"White",2,1,3
"IA1139",62,1,0.875,-1.24393294,0.64876987,0.039623014,0.590354678,18,"Female","A level; Access to higher education diploma; Advanced apprenticeship; Applied general; AS level; International Baccalaureate diploma; Level 3 award, certificate, diploma, ESOL, or NVQ; Music grades 6-8; Tech level",14,"White",2,1,1
"IA1160",75,0.9583333335,0.6041666665,-0.887826348,0.513186065,0.408212238,0.579801204,26,"Female","Integrated master's degree (E.g., MEng); Level 7 award, certificate, diploma, or NVQ; Master'39;s degree (E.g., MA, MSc); Postgraduate certificate; Postgraduate certificate in education (PGCE); Postgraduate diploma",17,"White",1,0.986111111111111,1
"IA2245",85,1,0.875,0.783646239,0.481025196,-1.414619664,0.70135034,21,"Female","Degree apprenticeship; Degree with honours (e.g., BA, BSc); Graduate certificate; Graduate diploma; Level 6 award, certificate, diploma, or NVQ; Ordinary degree without honours",16,"Asian / Asian British",2,1,1
"IA2689",94,1,0.9791666665,2.013933409,0.516234524,-0.706165215,0.667052929,18,"Female","Prefer not to answer",12,"Asian / Asian British",2,0.986111111111111,1
"IA2916",82,1,0.791666667,-0.102288262,0.488939975,0.536732947,0.591498742,18,"Female","A level; Access to higher education diploma; Advanced apprenticeship; Applied general; AS level; International Baccalaureate diploma; Level 3 award, certificate, diploma, ESOL, or NVQ; Music grades 6-8; Tech level",13,"White",2,0.958333333333333,1
"IE0242",81,0.4166666665,0.1875,1.363765032,0.503371559,0.526767936,0.580957572,18,"Female","A level; Access to higher education diploma; Advanced apprenticeship; Applied general; AS level; International Baccalaureate diploma; Level 3 award, certificate, diploma, ESOL, or NVQ; Music grades 6-8; Tech level",14,"White",2,0.916666666666667,1
"IE0313",41,0.9583333335,0.9583333335,0.845493612,0.488235054,1.467190538,0.595343086,18,"Female","A level; Access to higher education diploma; Advanced apprenticeship; Applied general; AS level; International Baccalaureate diploma; Level 3 award, certificate, diploma, ESOL, or NVQ; Music grades 6-8; Tech level",14,"White",2,1,1
"IE0817",51,0.7916666665,0.854166667,-0.948919827,0.560529094,0.949309156,0.585459606,19,"Female","A level; Access to higher education diploma; Advanced apprenticeship; Applied general; AS level; International Baccalaureate diploma; Level 3 award, certificate, diploma, ESOL, or NVQ; Music grades 6-8; Tech level",14,"White",2,0.986111111111111,1
"IE0902",82,1,0.8541666665,0.062710507,0.482796381,-1.997353104,1.002705427,19,"Female","A level; Access to higher education diploma; Advanced apprenticeship; Applied general; AS level; International Baccalaureate diploma; Level 3 award, certificate, diploma, ESOL, or NVQ; Music grades 6-8; Tech level",14,"White",2,1,2
"IE1002",96,0.9583333335,0.9583333335,-3.149505678,2.460240101,0.882713897,0.5789017,20,"Male","CSE (grade 1), GCSE grades 4-9, A*, A, B, C; Intermediate apprenticeship; Level 2 award, certificate, diploma, ESOL, essential skills, functional skills, or NVQ; Music grades 4-5; O level grade A, B, C",12,"Mixed / Multiple Ethnic Groups",1,1,4
"IE1066",38,1,0.833333333,0.398131907,0.530830534,0.141781469,0.587394999,21,"Female","A level; Access to higher education diploma; Advanced apprenticeship; Applied general; AS level; International Baccalaureate diploma; Level 3 award, certificate, diploma, ESOL, or NVQ; Music grades 6-8; Tech level",14,"White",2,1,1
"IE1199",60,0.5416666665,0.3541666665,0.134409193,0.480861469,0.882104734,0.579082963,18,"Male","A level; Access to higher education diploma; Advanced apprenticeship; Applied general; AS level; International Baccalaureate diploma; Level 3 award, certificate, diploma, ESOL, or NVQ; Music grades 6-8; Tech level",13,"White",2,0.916666666666667,2
"IE1220",32,0.7916666665,0.875,-0.897287572,0.514942314,-0.536769592,0.7553299,19,"Female","A level; Access to higher education diploma; Advanced apprenticeship; Applied general; AS level; International Baccalaureate diploma; Level 3 award, certificate, diploma, ESOL, or NVQ; Music grades 6-8; Tech level",14,"White",2,0.958333333333333,1
"IE1425",64,0.375,0.2083333335,0.05845776,0.488941869,0.421717346,0.615135487,18,"Female","A level; Access to higher education diploma; Advanced apprenticeship; Applied general; AS level; International Baccalaureate diploma; Level 3 award, certificate, diploma, ESOL, or NVQ; Music grades 6-8; Tech level",15,"Asian / Asian British",2,0.986111111111111,1
"IE1555",41,0.9583333335,0.5625,-1.433768549,0.604714974,-0.254781023,0.58942776,20,"Female","A level; Access to higher education diploma; Advanced apprenticeship; Applied general; AS level; International Baccalaureate diploma; Level 3 award, certificate, diploma, ESOL, or NVQ; Music grades 6-8; Tech level",15,"White",2,0.916666666666667,1
"IE1589",84,1,0.8541666665,-0.176184482,0.523247353,-1.317698813,0.882558261,19,"Female","A level; Access to higher education diploma; Advanced apprenticeship; Applied general; AS level; International Baccalaureate diploma; Level 3 award, certificate, diploma, ESOL, or NVQ; Music grades 6-8; Tech level",13,"White",1,0.972222222222222,1
"IE2304",94,1,0.7916666665,0.024559595,0.482492434,-0.039506561,0.788842253,18,"Female","A level; Access to higher education diploma; Advanced apprenticeship; Applied general; AS level; International Baccalaureate diploma; Level 3 award, certificate, diploma, ESOL, or NVQ; Music grades 6-8; Tech level",14,"White",1,0.986111111111111,4
"IE2827",80,0.9583333335,1,-0.093083222,0.48762339,1.405226618,0.613202951,18,"Female","A level; Access to higher education diploma; Advanced apprenticeship; Applied general; AS level; International Baccalaureate diploma; Level 3 award, certificate, diploma, ESOL, or NVQ; Music grades 6-8; Tech level",14,"White",2,0.986111111111111,4
"IE2895",64,0.9583333335,0.7083333335,0.458297853,0.497054853,-0.019349617,0.580010389,18,"Female","A level; Access to higher education diploma; Advanced apprenticeship; Applied general; AS level; International Baccalaureate diploma; Level 3 award, certificate, diploma, ESOL, or NVQ; Music grades 6-8; Tech level",14,"White",2,0.972222222222222,1
"IE3106",54,1,0.9166666665,-0.828023353,0.679633944,-0.366603546,0.679796053,19,"Female","A level; Access to higher education diploma; Advanced apprenticeship; Applied general; AS level; International Baccalaureate diploma; Level 3 award, certificate, diploma, ESOL, or NVQ; Music grades 6-8; Tech level",14,"White",2,1,1
"IF1417",75,0.9583333335,0.8958333335,-0.188982187,0.490554082,-1.226424945,0.640972231,27,"Female","Integrated master's degree (E.g., MEng); Level 7 award, certificate, diploma, or NVQ; Master'39;s degree (E.g., MA, MSc); Postgraduate certificate; Postgraduate certificate in education (PGCE); Postgraduate diploma",19,"White",2,0.986111111111111,1
"IL0314",75,1,0.7708333335,-0.071394615,0.52039994,0.023484083,0.588423053,18,"Female","A level; Access to higher education diploma; Advanced apprenticeship; Applied general; AS level; International Baccalaureate diploma; Level 3 award, certificate, diploma, ESOL, or NVQ; Music grades 6-8; Tech level",14,"White",2,0.986111111111111,1
"IL2555",57,1,0.6875,-0.74102591,0.487612899,-1.359696202,0.712203614,19,"Male","A level; Access to higher education diploma; Advanced apprenticeship; Applied general; AS level; International Baccalaureate diploma; Level 3 award, certificate, diploma, ESOL, or NVQ; Music grades 6-8; Tech level",13,"Asian / Asian British",2,0.986111111111111,1
"IM1173",78,1,0.9791666665,-1.903143081,0.696950659,-1.448768014,0.846924539,29,"Male","Integrated master's degree (E.g., MEng); Level 7 award, certificate, diploma, or NVQ; Master'39;s degree (E.g., MA, MSc); Postgraduate certificate; Postgraduate certificate in education (PGCE); Postgraduate diploma",20,"White",2,0.986111111111111,2
"IN2473",64,1,0.791666667,-0.491502657,0.49116427,1.786807039,0.633159219,18,"Male","A level; Access to higher education diploma; Advanced apprenticeship; Applied general; AS level; International Baccalaureate diploma; Level 3 award, certificate, diploma, ESOL, or NVQ; Music grades 6-8; Tech level",14,"White",2,0.944444444444444,2
"IN2705",62,0.9166666665,0.75,-0.453968441,0.516022932,0.945703842,0.577918151,19,"Male","A level; Access to higher education diploma; Advanced apprenticeship; Applied general; AS level; International Baccalaureate diploma; Level 3 award, certificate, diploma, ESOL, or NVQ; Music grades 6-8; Tech level",15,"Asian / Asian British",2,1,1
"IN2774",68,1,1,1.426902724,0.54330282,0.354585019,0.683199378,28,"Female","Degree apprenticeship; Degree with honours (e.g., BA, BSc); Graduate certificate; Graduate diploma; Level 6 award, certificate, diploma, or NVQ; Ordinary degree without honours",19,"Asian / Asian British",2,0.986111111111111,2
"IR1090",56,1,0.7916666665,-2.185476929,0.81592429,-0.021710247,0.61289435,19,"Male","A level; Access to higher education diploma; Advanced apprenticeship; Applied general; AS level; International Baccalaureate diploma; Level 3 award, certificate, diploma, ESOL, or NVQ; Music grades 6-8; Tech level",15,"Asian / Asian British",2,0.930555555555556,1
"IS0276",49,0.625,0.3125,0.266521486,0.480048543,1.530856181,0.587707047,18,"Male","A level; Access to higher education diploma; Advanced apprenticeship; Applied general; AS level; International Baccalaureate diploma; Level 3 award, certificate, diploma, ESOL, or NVQ; Music grades 6-8; Tech level",13,"White",2,0.902777777777778,1
"IS2838",56,1,0.8125,-0.672371866,0.562824605,-0.274143455,0.664873104,19,"Male","A level; Access to higher education diploma; Advanced apprenticeship; Applied general; AS level; International Baccalaureate diploma; Level 3 award, certificate, diploma, ESOL, or NVQ; Music grades 6-8; Tech level",14,"White",2,0.930555555555556,1
"IU1413",77,1,1,1.982845101,0.514820598,-0.991631182,0.746078458,29,"Female","Degree apprenticeship; Degree with honours (e.g., BA, BSc); Graduate certificate; Graduate diploma; Level 6 award, certificate, diploma, or NVQ; Ordinary degree without honours",18,"Asian / Asian British",1,0.986111111111111,3
"IZ0746",65,0.4166666665,0.208333333,0.79577774,0.502588024,-1.386500007,0.841985296,34,"Female","Integrated master's degree (E.g., MEng); Level 7 award, certificate, diploma, or NVQ; Master'39;s degree (E.g., MA, MSc); Postgraduate certificate; Postgraduate certificate in education (PGCE); Postgraduate diploma",24,"White",2,0.958333333333333,1
"IZ2252",81,0.916666667,0.875,0.642484594,0.481361468,0.269210255,0.588036552,31,"Female","Integrated master's degree (E.g., MEng); Level 7 award, certificate, diploma, or NVQ; Master'39;s degree (E.g., MA, MSc); Postgraduate certificate; Postgraduate certificate in education (PGCE); Postgraduate diploma",24,"Other",2,0.916666666666667,1
"JA2010",50,0.9166666665,0.916666667,-0.598831448,0.569647862,-0.07157608,0.613277053,22,"Female","A level; Access to higher education diploma; Advanced apprenticeship; Applied general; AS level; International Baccalaureate diploma; Level 3 award, certificate, diploma, ESOL, or NVQ; Music grades 6-8; Tech level",18,"Asian / Asian British",2,0.986111111111111,1
"JA2226",54,0.333333333,0.3541666665,0.632853745,0.503363371,0.641044724,0.576924708,18,"Female","A level; Access to higher education diploma; Advanced apprenticeship; Applied general; AS level; International Baccalaureate diploma; Level 3 award, certificate, diploma, ESOL, or NVQ; Music grades 6-8; Tech level",14,"White",2,1,1
"KA0797",66,1,0.8958333335,-0.266352204,0.521067626,-1.126064453,0.726681818,34,"Female","Degree apprenticeship; Degree with honours (e.g., BA, BSc); Graduate certificate; Graduate diploma; Level 6 award, certificate, diploma, or NVQ; Ordinary degree without honours",17,"Asian / Asian British",2,0.916666666666667,1
"KA1365",68,1,0.9166666665,-1.448075237,0.550489422,-0.731332198,0.744240535,30,"Female","Degree apprenticeship; Degree with honours (e.g., BA, BSc); Graduate certificate; Graduate diploma; Level 6 award, certificate, diploma, or NVQ; Ordinary degree without honours",15,"Other",2,1,1
"KA1447",60,1,0.6666666665,-0.675614452,0.476862235,-2.503389146,1.38008311,28,"Female","Integrated master's degree (E.g., MEng); Level 7 award, certificate, diploma, or NVQ; Master'39;s degree (E.g., MA, MSc); Postgraduate certificate; Postgraduate certificate in education (PGCE); Postgraduate diploma",17,"Asian / Asian British",2,0.972222222222222,1
"KA1880",53,1,0.9375,-0.416532318,0.525953891,-0.074941199,0.660016507,25,"Male","Degree apprenticeship; Degree with honours (e.g., BA, BSc); Graduate certificate; Graduate diploma; Level 6 award, certificate, diploma, or NVQ; Ordinary degree without honours",16,"Other",2,1,1
"KE1191",59,1,1,1.303147401,0.506660038,0.553731392,0.612965072,20,"Male","A level; Access to higher education diploma; Advanced apprenticeship; Applied general; AS level; International Baccalaureate diploma; Level 3 award, certificate, diploma, ESOL, or NVQ; Music grades 6-8; Tech level",18,"White",1,1,3
"KE2465",62,1,1,0.046539634,0.491178012,1.713816909,0.593143469,24,"Male","Integrated master's degree (E.g., MEng); Level 7 award, certificate, diploma, or NVQ; Master'39;s degree (E.g., MA, MSc); Postgraduate certificate; Postgraduate certificate in education (PGCE); Postgraduate diploma",20,"White",2,0.972222222222222,1
"KE2580",41,0.9166666665,0.9791666665,-0.070692673,0.487830436,-0.708808994,0.606239249,27,"Female","Integrated master's degree (E.g., MEng); Level 7 award, certificate, diploma, or NVQ; Master'39;s degree (E.g., MA, MSc); Postgraduate certificate; Postgraduate certificate in education (PGCE); Postgraduate diploma",20,"Asian / Asian British",2,0.916666666666667,1
"LA0766",61,1,0.770833333,-0.777931743,0.476816065,-0.282197446,0.679916101,18,"Female","A level; Access to higher education diploma; Advanced apprenticeship; Applied general; AS level; International Baccalaureate diploma; Level 3 award, certificate, diploma, ESOL, or NVQ; Music grades 6-8; Tech level",13,"White",2,0.972222222222222,1
"LA1201",57,0.375,0.3125,-1.385799397,0.598868712,1.395612223,0.605733473,18,"Female","A level; Access to higher education diploma; Advanced apprenticeship; Applied general; AS level; International Baccalaureate diploma; Level 3 award, certificate, diploma, ESOL, or NVQ; Music grades 6-8; Tech level",14,"White",2,0.972222222222222,1
"LA1351",40,0.9583333335,0.5416666665,-0.022737906,0.582379128,-2.554656229,1.188674103,19,"Female","A level; Access to higher education diploma; Advanced apprenticeship; Applied general; AS level; International Baccalaureate diploma; Level 3 award, certificate, diploma, ESOL, or NVQ; Music grades 6-8; Tech level",13,"Black / African / Caribbean / Black British",2,0.958333333333333,1
"LA1360",46,1,0.6041666665,-0.813070695,0.562310717,-0.008557425,0.590527701,18,"Female","A level; Access to higher education diploma; Advanced apprenticeship; Applied general; AS level; International Baccalaureate diploma; Level 3 award, certificate, diploma, ESOL, or NVQ; Music grades 6-8; Tech level",14,"White",2,0.819444444444444,1
"LA1521",71,1,0.8541666665,0.001290072,0.489427033,0.482668742,0.618336581,22,"Female","Degree apprenticeship; Degree with honours (e.g., BA, BSc); Graduate certificate; Graduate diploma; Level 6 award, certificate, diploma, or NVQ; Ordinary degree without honours",15,"Asian / Asian British",2,0.944444444444444,6
"LA2498",45,0.875,0.75,0.237814859,0.494428702,-0.347280362,0.61637427,19,"Female","A level; Access to higher education diploma; Advanced apprenticeship; Applied general; AS level; International Baccalaureate diploma; Level 3 award, certificate, diploma, ESOL, or NVQ; Music grades 6-8; Tech level",14,"White",2,0.986111111111111,1
"LA2597",86,0.9583333335,0.9583333335,0.996353548,0.494380588,-0.014010638,0.585875809,27,"Female","Degree apprenticeship; Degree with honours (e.g., BA, BSc); Graduate certificate; Graduate diploma; Level 6 award, certificate, diploma, or NVQ; Ordinary degree without honours",18,"White",2,1,1
"LA2639",58,1,0.8125,0.279835876,0.482869561,-0.152344652,0.586674638,18,"Female","A level; Access to higher education diploma; Advanced apprenticeship; Applied general; AS level; International Baccalaureate diploma; Level 3 award, certificate, diploma, ESOL, or NVQ; Music grades 6-8; Tech level",14,"White",2,0.958333333333333,1
"LI0528",73,1,0.7083333335,-0.120593482,0.479970867,-4,2.185570379,25,"Female","Integrated master's degree (E.g., MEng); Level 7 award, certificate, diploma, or NVQ; Master'39;s degree (E.g., MA, MSc); Postgraduate certificate; Postgraduate certificate in education (PGCE); Postgraduate diploma",1,"Asian / Asian British",2,0.888888888888889,1
"LY0671",89,1,0.645833333,0.122711583,0.490910298,0.370584888,0.575724028,18,"Female","A level; Access to higher education diploma; Advanced apprenticeship; Applied general; AS level; International Baccalaureate diploma; Level 3 award, certificate, diploma, ESOL, or NVQ; Music grades 6-8; Tech level",14,"White",2,0.902777777777778,1
"LY2007",55,1,0.9583333335,-0.813392486,0.480167503,0.318293623,0.586161367,18,"Female","A level; Access to higher education diploma; Advanced apprenticeship; Applied general; AS level; International Baccalaureate diploma; Level 3 award, certificate, diploma, ESOL, or NVQ; Music grades 6-8; Tech level",14,"White",2,1,1
"LY2811",97,0.9583333335,0.6666666665,-0.567505499,0.49072824,-0.465725023,0.613158051,18,"Female","A level; Access to higher education diploma; Advanced apprenticeship; Applied general; AS level; International Baccalaureate diploma; Level 3 award, certificate, diploma, ESOL, or NVQ; Music grades 6-8; Tech level",13,"White",1,1,3
"MA0417",67,0.916666667,0.9791666665,-3.367778997,2.43710122,0.095413334,0.589741311,19,"Female","A level; Access to higher education diploma; Advanced apprenticeship; Applied general; AS level; International Baccalaureate diploma; Level 3 award, certificate, diploma, ESOL, or NVQ; Music grades 6-8; Tech level",14,"White",2,0.972222222222222,1
"MA0692",35,1,0.7916666665,-0.063352941,0.515963882,0.511714154,0.58908166,30,"Female","Integrated master's degree (E.g., MEng); Level 7 award, certificate, diploma, or NVQ; Master'39;s degree (E.g., MA, MSc); Postgraduate certificate; Postgraduate certificate in education (PGCE); Postgraduate diploma",26,"White",2,0.972222222222222,1
"MA1034",59,0.8333333335,0.875,-0.651084304,0.515829872,-0.614286732,0.773604834,18,"Female","A level; Access to higher education diploma; Advanced apprenticeship; Applied general; AS level; International Baccalaureate diploma; Level 3 award, certificate, diploma, ESOL, or NVQ; Music grades 6-8; Tech level",14,"White",2,0.902777777777778,1
"MA2107",57,0.708333333,0.7916666665,-1.31436859,0.613356791,-0.077673767,0.588750637,35,"Male","Integrated master's degree (E.g., MEng); Level 7 award, certificate, diploma, or NVQ; Master'39;s degree (E.g., MA, MSc); Postgraduate certificate; Postgraduate certificate in education (PGCE); Postgraduate diploma",18,"Asian / Asian British",2,0.986111111111111,1
"MA2300",81,1,0.9583333335,1.210242168,0.497328473,1.021975129,0.582780594,18,"Female","A level; Access to higher education diploma; Advanced apprenticeship; Applied general; AS level; International Baccalaureate diploma; Level 3 award, certificate, diploma, ESOL, or NVQ; Music grades 6-8; Tech level",13,"Black / African / Caribbean / Black British",2,1,1
"ME2455",67,0.8333333335,0.8541666665,-0.29112159,0.515349524,-1.222531503,0.729612771,18,"Female","A level; Access to higher education diploma; Advanced apprenticeship; Applied general; AS level; International Baccalaureate diploma; Level 3 award, certificate, diploma, ESOL, or NVQ; Music grades 6-8; Tech level",14,"Asian / Asian British",2,0.958333333333333,2
"MI1958",98,0.791666667,0.4375,1.076637505,0.499239906,-0.434240759,0.770770306,20,"Female","A level; Access to higher education diploma; Advanced apprenticeship; Applied general; AS level; International Baccalaureate diploma; Level 3 award, certificate, diploma, ESOL, or NVQ; Music grades 6-8; Tech level",16,"Black / African / Caribbean / Black British",1,0.888888888888889,1
"MY3136",65,1,0.770833333,1.065942029,0.496711858,0.260608564,0.613513533,20,"Female","A level; Access to higher education diploma; Advanced apprenticeship; Applied general; AS level; International Baccalaureate diploma; Level 3 award, certificate, diploma, ESOL, or NVQ; Music grades 6-8; Tech level",14,"White",2,0.986111111111111,1
"NA0345",67,1,1,-1.371613771,0.604362293,0.199340481,0.624541254,24,"Female","Degree apprenticeship; Degree with honours (e.g., BA, BSc); Graduate certificate; Graduate diploma; Level 6 award, certificate, diploma, or NVQ; Ordinary degree without honours",11,"White",2,1,5
"NA0742",54,0.875,0.9166666665,-0.191172984,0.491761192,0.0243654,0.609985938,32,"Female","Integrated master's degree (E.g., MEng); Level 7 award, certificate, diploma, or NVQ; Master'39;s degree (E.g., MA, MSc); Postgraduate certificate; Postgraduate certificate in education (PGCE); Postgraduate diploma",19,"White",2,1,1
"NA0890",72,1,0.875,-0.914289723,0.533539819,0.458487659,0.575152713,19,"Female","A level; Access to higher education diploma; Advanced apprenticeship; Applied general; AS level; International Baccalaureate diploma; Level 3 award, certificate, diploma, ESOL, or NVQ; Music grades 6-8; Tech level",14,"White",2,0.944444444444444,2
"NA1268",62,0.833333333,0.375,-0.425877778,0.488918297,-0.241002273,0.612978386,29,"Female","Integrated master's degree (E.g., MEng); Level 7 award, certificate, diploma, or NVQ; Master'39;s degree (E.g., MA, MSc); Postgraduate certificate; Postgraduate certificate in education (PGCE); Postgraduate diploma",22,"White",2,0.958333333333333,5
"NA1579",87,0.375,0.208333333,-1.051249274,0.543640925,-0.402181438,0.65825836,35,"Female","Integrated master's degree (E.g., MEng); Level 7 award, certificate, diploma, or NVQ; Master'39;s degree (E.g., MA, MSc); Postgraduate certificate; Postgraduate certificate in education (PGCE); Postgraduate diploma",20,"Other",2,0.986111111111111,1
"NA1874",58,1,0.875,-1.104680702,0.626687371,0.473703468,0.589182314,18,"Female","A level; Access to higher education diploma; Advanced apprenticeship; Applied general; AS level; International Baccalaureate diploma; Level 3 award, certificate, diploma, ESOL, or NVQ; Music grades 6-8; Tech level",13,"White",2,0.986111111111111,1
"NA2314",73,0.9166666665,0.9583333335,0.59551248,0.482885171,0.032151531,0.609764945,18,"Female","A level; Access to higher education diploma; Advanced apprenticeship; Applied general; AS level; International Baccalaureate diploma; Level 3 award, certificate, diploma, ESOL, or NVQ; Music grades 6-8; Tech level",13,"White",2,0.944444444444444,2
"NA2786",76,0.9166666665,0.75,-0.938407863,0.5112476,0.574311411,0.573855909,19,"Female","A level; Access to higher education diploma; Advanced apprenticeship; Applied general; AS level; International Baccalaureate diploma; Level 3 award, certificate, diploma, ESOL, or NVQ; Music grades 6-8; Tech level",15,"Asian / Asian British",2,0.972222222222222,1
"NE0118",64,0.9583333335,0.770833333,0.511306832,0.483895313,0.860915735,0.591163826,19,"Female","A level; Access to higher education diploma; Advanced apprenticeship; Applied general; AS level; International Baccalaureate diploma; Level 3 award, certificate, diploma, ESOL, or NVQ; Music grades 6-8; Tech level",15,"White",2,0.958333333333333,1
"NE0792",59,1,1,-0.107525902,0.481896307,-4,2.108094166,25,"Female","Integrated master's degree (E.g., MEng); Level 7 award, certificate, diploma, or NVQ; Master'39;s degree (E.g., MA, MSc); Postgraduate certificate; Postgraduate certificate in education (PGCE); Postgraduate diploma",18,"Asian / Asian British",2,0.972222222222222,1
"NE3022",51,0.9166666665,1,-0.247040325,0.489174167,0.220738792,0.578079161,19,"Female","A level; Access to higher education diploma; Advanced apprenticeship; Applied general; AS level; International Baccalaureate diploma; Level 3 award, certificate, diploma, ESOL, or NVQ; Music grades 6-8; Tech level",14,"White",2,0.986111111111111,1
"NG1142",70,0.8333333335,1,0.788393427,0.501130983,-0.824194514,0.651424883,23,"Female","Degree apprenticeship; Degree with honours (e.g., BA, BSc); Graduate certificate; Graduate diploma; Level 6 award, certificate, diploma, or NVQ; Ordinary degree without honours",16,"Asian / Asian British",2,0.972222222222222,1
"NG1428",60,1,0.9791666665,-0.736598628,0.486885625,-0.97260223,0.743914599,31,"Male","Integrated master's degree (E.g., MEng); Level 7 award, certificate, diploma, or NVQ; Master'39;s degree (E.g., MA, MSc); Postgraduate certificate; Postgraduate certificate in education (PGCE); Postgraduate diploma",19,"Asian / Asian British",2,0.972222222222222,1
"NG1897",84,0.875,0.6458333335,1.78527585,0.509666362,1.841045788,0.599233555,31,"Female","Integrated master's degree (E.g., MEng); Level 7 award, certificate, diploma, or NVQ; Master'39;s degree (E.g., MA, MSc); Postgraduate certificate; Postgraduate certificate in education (PGCE); Postgraduate diploma",18,"Other",2,0.972222222222222,1
"NG2907",76,1,0.9375,0.982498534,0.523942573,0.254772294,0.58363617,19,"Female","Diploma of higher education (DipHE); Foundation degree; Level 5 award, certificate, diploma, or NVQ",15,"Asian / Asian British",1,0.944444444444444,3
"NI0288",92,1,0.7708333335,0.072599457,0.482853326,1.890859849,0.61838538,28,"Female","Degree apprenticeship; Degree with honours (e.g., BA, BSc); Graduate certificate; Graduate diploma; Level 6 award, certificate, diploma, or NVQ; Ordinary degree without honours",20,"Other",1,0.986111111111111,4
"NI0447",39,0.875,0.854166667,-1.900489131,1.008839036,0.384350611,0.581130731,18,"Female","A level; Access to higher education diploma; Advanced apprenticeship; Applied general; AS level; International Baccalaureate diploma; Level 3 award, certificate, diploma, ESOL, or NVQ; Music grades 6-8; Tech level",7,"White",2,0.972222222222222,1
"NI1880",56,1,0.875,1.046972558,0.493373293,-0.629618448,0.621284921,24,"Female","Degree apprenticeship; Degree with honours (e.g., BA, BSc); Graduate certificate; Graduate diploma; Level 6 award, certificate, diploma, or NVQ; Ordinary degree without honours",18,"Other",2,1,1
"NI2038",42,0.9583333335,1,-3.586816011,3.104780785,-0.90803491,0.736694449,18,"Female","Certificate of higher education (CertHE); Higher apprenticeship; Higher national certificate (HNC); Level 4 award, certificate, diploma, or NVQ",14,"Asian / Asian British",2,0.986111111111111,1
"NI2511",51,0.75,0.7291666665,-0.869174914,0.551841247,-1.044870534,0.762464708,25,"Male","Integrated master's degree (E.g., MEng); Level 7 award, certificate, diploma, or NVQ; Master'39;s degree (E.g., MA, MSc); Postgraduate certificate; Postgraduate certificate in education (PGCE); Postgraduate diploma",17,"Asian / Asian British",2,0.958333333333333,1
"NI2709",71,0.9583333335,0.7083333335,0.18505432,0.483164658,-0.880664954,0.649223309,27,"Female","Degree apprenticeship; Degree with honours (e.g., BA, BSc); Graduate certificate; Graduate diploma; Level 6 award, certificate, diploma, or NVQ; Ordinary degree without honours",16,"Asian / Asian British",2,0.986111111111111,1
"NI2961",38,0.5833333335,0.2916666665,-1.809582389,0.79000133,-0.7854118,0.985253779,23,"Female","Integrated master's degree (E.g., MEng); Level 7 award, certificate, diploma, or NVQ; Master'39;s degree (E.g., MA, MSc); Postgraduate certificate; Postgraduate certificate in education (PGCE); Postgraduate diploma",16,"Asian / Asian British",2,0.902777777777778,1
"NO2986",67,0.75,0.8958333335,0.242100766,0.533921076,-0.767186712,0.611707555,30,"Female","Degree apprenticeship; Degree with honours (e.g., BA, BSc); Graduate certificate; Graduate diploma; Level 6 award, certificate, diploma, or NVQ; Ordinary degree without honours",16,"Asian / Asian British",2,0.916666666666667,1
"NU3009",52,1,0.6875,-0.806910604,0.57102399,-1.560666416,0.820330388,18,"Female","A level; Access to higher education diploma; Advanced apprenticeship; Applied general; AS level; International Baccalaureate diploma; Level 3 award, certificate, diploma, ESOL, or NVQ; Music grades 6-8; Tech level",14,"White",2,0.986111111111111,1
"NY1117",78,0.875,0.4166666665,0.405470027,0.481915968,-0.834729632,0.605481482,33,"Female","Degree apprenticeship; Degree with honours (e.g., BA, BSc); Graduate certificate; Graduate diploma; Level 6 award, certificate, diploma, or NVQ; Ordinary degree without honours",17,"Black / African / Caribbean / Black British",2,0.958333333333333,1
"OM2797",107,0.875,0.4375,0.175923865,0.486493525,1.075973872,0.578469857,18,"Male","A level; Access to higher education diploma; Advanced apprenticeship; Applied general; AS level; International Baccalaureate diploma; Level 3 award, certificate, diploma, ESOL, or NVQ; Music grades 6-8; Tech level",13,"White",1,0.875,6
"OR0339",56,0.4166666665,0.2291666665,-0.849108838,0.639535321,-1.151741922,0.943713694,18,"Female","A level; Access to higher education diploma; Advanced apprenticeship; Applied general; AS level; International Baccalaureate diploma; Level 3 award, certificate, diploma, ESOL, or NVQ; Music grades 6-8; Tech level",13,"White",2,1,1
"OR0919",54,1,0.9791666665,-1.501600045,0.725974746,-2.973326717,1.829345688,21,"Male","A level; Access to higher education diploma; Advanced apprenticeship; Applied general; AS level; International Baccalaureate diploma; Level 3 award, certificate, diploma, ESOL, or NVQ; Music grades 6-8; Tech level",14,"White",2,0.986111111111111,1
"OR2427",28,0.9583333335,0.7708333335,-0.515134612,0.51396054,0.300274191,0.583735195,24,"Female","Integrated master's degree (E.g., MEng); Level 7 award, certificate, diploma, or NVQ; Master'39;s degree (E.g., MA, MSc); Postgraduate certificate; Postgraduate certificate in education (PGCE); Postgraduate diploma",19,"White",2,0.986111111111111,1
"OT0758",56,1,0.8333333335,-0.664612372,0.522159634,-2.52697555,1.214325655,23,"Male","Degree apprenticeship; Degree with honours (e.g., BA, BSc); Graduate certificate; Graduate diploma; Level 6 award, certificate, diploma, or NVQ; Ordinary degree without honours",16,"White",2,0.958333333333333,1
"QI2574",87,1,0.9375,-0.355399759,0.497928978,-0.831646213,0.651659853,22,"Female","Integrated master's degree (E.g., MEng); Level 7 award, certificate, diploma, or NVQ; Master'39;s degree (E.g., MA, MSc); Postgraduate certificate; Postgraduate certificate in education (PGCE); Postgraduate diploma",16,"Asian / Asian British",2,0.986111111111111,1
"RA1335",85,1,0.7916666665,1.459670005,0.497742555,0.771474407,0.596315481,25,"Female","Degree apprenticeship; Degree with honours (e.g., BA, BSc); Graduate certificate; Graduate diploma; Level 6 award, certificate, diploma, or NVQ; Ordinary degree without honours",19,"Asian / Asian British",2,0.972222222222222,2
"RA1607",77,1,1,1.568690531,0.498776611,0.650444752,0.580503524,29,"Female","Doctorate (e.g., PhD, DPhil); Level 8 award, certificate, or diploma",12,"White",2,1,1
"RA1724",56,1,0.6875,-1.723154167,0.616282826,0.10253074,0.585499512,19,"Female","A level; Access to higher education diploma; Advanced apprenticeship; Applied general; AS level; International Baccalaureate diploma; Level 3 award, certificate, diploma, ESOL, or NVQ; Music grades 6-8; Tech level",14,"White",2,0.902777777777778,1
"RA2037",87,1,0.8541666665,1.650175231,0.501584103,1.837855657,0.610773917,29,"Female","Integrated master's degree (E.g., MEng); Level 7 award, certificate, diploma, or NVQ; Master'39;s degree (E.g., MA, MSc); Postgraduate certificate; Postgraduate certificate in education (PGCE); Postgraduate diploma",20,"Asian / Asian British",2,0.986111111111111,3
"RA2307",105,1,0.9583333335,1.379273626,0.491922189,0.545812977,0.577246169,31,"Female","Doctorate (e.g., PhD, DPhil); Level 8 award, certificate, or diploma",24,"Mixed / Multiple Ethnic Groups",1,1,4
"RA2435",56,0.9583333335,0.6041666665,-0.989644014,0.490619674,-0.561496457,0.653903688,33,"Female","Integrated master's degree (E.g., MEng); Level 7 award, certificate, diploma, or NVQ; Master'39;s degree (E.g., MA, MSc); Postgraduate certificate; Postgraduate certificate in education (PGCE); Postgraduate diploma",19,"White",2,1,1
"RA2703",39,1,1,0.363575931,0.495648613,0.576272308,0.585859617,19,"Female","A level; Access to higher education diploma; Advanced apprenticeship; Applied general; AS level; International Baccalaureate diploma; Level 3 award, certificate, diploma, ESOL, or NVQ; Music grades 6-8; Tech level",12,"Asian / Asian British",2,1,1
"RA3059",51,0.9583333335,0.7291666665,0.153478771,0.524228801,-1.048064588,0.726378413,28,"Female","Certificate of higher education (CertHE); Higher apprenticeship; Higher national certificate (HNC); Level 4 award, certificate, diploma, or NVQ",15,"White",2,0.986111111111111,1
"RI0316",74,1,0.8125,0.346092542,0.481691959,0.609520598,0.58886008,29,"Female","Degree apprenticeship; Degree with honours (e.g., BA, BSc); Graduate certificate; Graduate diploma; Level 6 award, certificate, diploma, or NVQ; Ordinary degree without honours",16,"Asian / Asian British",2,0.972222222222222,1
"RI0573",84,1,0.9166666665,-0.232886564,0.482090948,-0.954713802,0.726686667,26,"Female","Integrated master's degree (E.g., MEng); Level 7 award, certificate, diploma, or NVQ; Master'39;s degree (E.g., MA, MSc); Postgraduate certificate; Postgraduate certificate in education (PGCE); Postgraduate diploma",18,"Asian / Asian British",2,0.986111111111111,1
"RI1138",43,0.9583333335,0.7083333335,-0.197912174,0.484332022,-0.37236522,0.61203298,31,"Male","Degree apprenticeship; Degree with honours (e.g., BA, BSc); Graduate certificate; Graduate diploma; Level 6 award, certificate, diploma, or NVQ; Ordinary degree without honours",15,"Asian / Asian British",2,1,1
"RI1406",54,0.666666667,0.3125,-0.285438576,0.483456299,0.688979646,0.582700481,34,"Male","Degree apprenticeship; Degree with honours (e.g., BA, BSc); Graduate certificate; Graduate diploma; Level 6 award, certificate, diploma, or NVQ; Ordinary degree without honours",16,"Asian / Asian British",2,0.888888888888889,1
"RI2080",84,1,0.9583333335,1.656537989,0.536848578,-0.466982365,0.610488302,31,"Female","Integrated master's degree (E.g., MEng); Level 7 award, certificate, diploma, or NVQ; Master'39;s degree (E.g., MA, MSc); Postgraduate certificate; Postgraduate certificate in education (PGCE); Postgraduate diploma",18,"Asian / Asian British",2,1,2
"RI2490",98,1,0.9166666665,1.345537466,0.502724178,0.397485851,0.612462752,34,"Female","Degree apprenticeship; Degree with honours (e.g., BA, BSc); Graduate certificate; Graduate diploma; Level 6 award, certificate, diploma, or NVQ; Ordinary degree without honours",12,"Asian / Asian British",1,0.986111111111111,3
"RO2840",62,0.9583333335,0.3541666665,-0.12720581,0.529615548,0.530201563,0.575977166,34,"Male","Integrated master's degree (E.g., MEng); Level 7 award, certificate, diploma, or NVQ; Master'39;s degree (E.g., MA, MSc); Postgraduate certificate; Postgraduate certificate in education (PGCE); Postgraduate diploma",18,"Asian / Asian British",2,1,1
"RU1941",62,0.9583333335,0.8958333335,0.124073362,0.530497139,-0.380634933,0.659339123,24,"Male","Integrated master's degree (E.g., MEng); Level 7 award, certificate, diploma, or NVQ; Master'39;s degree (E.g., MA, MSc); Postgraduate certificate; Postgraduate certificate in education (PGCE); Postgraduate diploma",16,"Asian / Asian British",2,1,1
"RU3177",81,0.375,0.229166667,-0.310957442,0.570992564,-0.016905588,0.586732613,25,"Male","Degree apprenticeship; Degree with honours (e.g., BA, BSc); Graduate certificate; Graduate diploma; Level 6 award, certificate, diploma, or NVQ; Ordinary degree without honours",17,"Asian / Asian British",2,0.986111111111111,1
"SA0914",82,1,0.5416666665,0.814000136,0.522880515,0.784056479,0.588139054,30,"Female","Integrated master's degree (E.g., MEng); Level 7 award, certificate, diploma, or NVQ; Master'39;s degree (E.g., MA, MSc); Postgraduate certificate; Postgraduate certificate in education (PGCE); Postgraduate diploma",19,"White",1,0.972222222222222,1
"SA2280",53,0.625,0.75,-0.063578641,0.482106862,0.119198147,0.587690073,22,"Female","Diploma of higher education (DipHE); Foundation degree; Level 5 award, certificate, diploma, or NVQ",18,"Asian / Asian British",2,1,3
"SA2885",50,0.875,0.9375,0.015555841,0.491093705,0.982346635,0.582295507,24,"Female","Degree apprenticeship; Degree with honours (e.g., BA, BSc); Graduate certificate; Graduate diploma; Level 6 award, certificate, diploma, or NVQ; Ordinary degree without honours",18,"Black / African / Caribbean / Black British",2,1,1
"SH1024",53,0.9583333335,0.8958333335,0.109737881,0.492478075,-1.7148281,0.819959837,24,"Male","Degree apprenticeship; Degree with honours (e.g., BA, BSc); Graduate certificate; Graduate diploma; Level 6 award, certificate, diploma, or NVQ; Ordinary degree without honours",16,"Asian / Asian British",2,1,1
"SH1504",37,1,0.8541666665,-0.830091036,0.519331471,0.551703968,0.584179963,22,"Male","Degree apprenticeship; Degree with honours (e.g., BA, BSc); Graduate certificate; Graduate diploma; Level 6 award, certificate, diploma, or NVQ; Ordinary degree without honours",17,"Other",2,1,1
"SH2796",53,1,0.5625,-0.814891061,0.528756097,-0.194069641,0.611973015,19,"Female","A level; Access to higher education diploma; Advanced apprenticeship; Applied general; AS level; International Baccalaureate diploma; Level 3 award, certificate, diploma, ESOL, or NVQ; Music grades 6-8; Tech level",14,"Asian / Asian British",2,0.986111111111111,1
"SI0547",96,0.9166666665,0.9166666665,-0.027538908,0.479017295,-0.417601574,0.58719909,24,"Male","Degree apprenticeship; Degree with honours (e.g., BA, BSc); Graduate certificate; Graduate diploma; Level 6 award, certificate, diploma, or NVQ; Ordinary degree without honours",18,"Black / African / Caribbean / Black British",1,0.986111111111111,1
"SZ0779",67,0.9583333335,0.7291666665,-0.396940249,0.515053675,-0.994109779,0.655269171,21,"Male","A level; Access to higher education diploma; Advanced apprenticeship; Applied general; AS level; International Baccalaureate diploma; Level 3 award, certificate, diploma, ESOL, or NVQ; Music grades 6-8; Tech level",15,"White",1,0.972222222222222,1
"TA0364",48,1,0.833333333,-2.057756955,0.719169092,-1.372192711,0.876728755,18,"Male","A level; Access to higher education diploma; Advanced apprenticeship; Applied general; AS level; International Baccalaureate diploma; Level 3 award, certificate, diploma, ESOL, or NVQ; Music grades 6-8; Tech level",12,"Other",2,0.902777777777778,1
"TA0451",56,0.2916666665,0.2083333335,0.234041103,0.489283977,-0.188137129,0.610543054,35,"Female","Integrated master's degree (E.g., MEng); Level 7 award, certificate, diploma, or NVQ; Master'39;s degree (E.g., MA, MSc); Postgraduate certificate; Postgraduate certificate in education (PGCE); Postgraduate diploma",19,"Asian / Asian British",1,0.930555555555556,1
"TA0820",65,0.916666667,0.9375,-0.949717087,0.552299694,-0.063679672,0.59301937,18,"Female","Diploma of higher education (DipHE); Foundation degree; Level 5 award, certificate, diploma, or NVQ",12,"Asian / Asian British",2,1,1
"TA2304",42,1,0.8125,-0.850890884,0.513584736,0.644617056,0.589937334,23,"Female","Degree apprenticeship; Degree with honours (e.g., BA, BSc); Graduate certificate; Graduate diploma; Level 6 award, certificate, diploma, or NVQ; Ordinary degree without honours",17,"Asian / Asian British",2,0.986111111111111,1
"TH0246",41,0.9583333335,0.6875,-0.768101124,0.574022845,-1.849695919,1.177476113,18,"Female","A level; Access to higher education diploma; Advanced apprenticeship; Applied general; AS level; International Baccalaureate diploma; Level 3 award, certificate, diploma, ESOL, or NVQ; Music grades 6-8; Tech level",14,"White",2,0.958333333333333,1
"TH0335",73,0.875,1,-0.223074586,0.513185511,0.28069613,0.612269684,19,"Male","A level; Access to higher education diploma; Advanced apprenticeship; Applied general; AS level; International Baccalaureate diploma; Level 3 award, certificate, diploma, ESOL, or NVQ; Music grades 6-8; Tech level",15,"Asian / Asian British",2,0.972222222222222,2
"TH0871",47,1,1,0.261344643,0.495267002,-0.274575356,0.612798945,21,"Female","Degree apprenticeship; Degree with honours (e.g., BA, BSc); Graduate certificate; Graduate diploma; Level 6 award, certificate, diploma, or NVQ; Ordinary degree without honours",10,"Black / African / Caribbean / Black British",2,1,1
"TH1090",85,1,1,1.076172249,0.502855138,0.600290682,0.584606702,26,"Female","Degree apprenticeship; Degree with honours (e.g., BA, BSc); Graduate certificate; Graduate diploma; Level 6 award, certificate, diploma, or NVQ; Ordinary degree without honours",22,"Black / African / Caribbean / Black British",2,1,1
"TH2817",35,1,0.8125,0.369689228,0.484647429,-2.799640998,0.921922576,22,"Male","Other (please specificy)",17,"Asian / Asian British",2,0.986111111111111,1
"TY3111",85,1,0.9791666665,0.741172096,0.502494759,-0.716204359,0.667536298,31,"Female","Integrated master's degree (E.g., MEng); Level 7 award, certificate, diploma, or NVQ; Master'39;s degree (E.g., MA, MSc); Postgraduate certificate; Postgraduate certificate in education (PGCE); Postgraduate diploma",19,"Asian / Asian British",2,0.986111111111111,1
"UA1744",96,0.9583333335,0.8125,-0.525180876,0.478036678,-0.807385264,0.740531392,20,"Male","A level; Access to higher education diploma; Advanced apprenticeship; Applied general; AS level; International Baccalaureate diploma; Level 3 award, certificate, diploma, ESOL, or NVQ; Music grades 6-8; Tech level",16,"White",1,0.930555555555556,4
"UB1675",59,1,1,0.216043019,0.491101823,0.577163765,0.58103908,19,"Male","A level; Access to higher education diploma; Advanced apprenticeship; Applied general; AS level; International Baccalaureate diploma; Level 3 award, certificate, diploma, ESOL, or NVQ; Music grades 6-8; Tech level",14,"Black / African / Caribbean / Black British",2,0.972222222222222,1
"UH1865",55,0.9583333335,0.9375,-0.042646724,0.477729041,0.113199584,0.60948482,24,"Male","Degree apprenticeship; Degree with honours (e.g., BA, BSc); Graduate certificate; Graduate diploma; Level 6 award, certificate, diploma, or NVQ; Ordinary degree without honours",12,"Other",2,0.958333333333333,2
"UL2052",59,1,0.9166666665,-0.044631755,0.478478671,0.594868178,0.586256172,22,"Male","Degree apprenticeship; Degree with honours (e.g., BA, BSc); Graduate certificate; Graduate diploma; Level 6 award, certificate, diploma, or NVQ; Ordinary degree without honours",17,"White",2,0.972222222222222,1
"UN1577",81,1,0.7708333335,-0.087643059,0.51665337,-1.463500855,0.841675857,19,"Female","A level; Access to higher education diploma; Advanced apprenticeship; Applied general; AS level; International Baccalaureate diploma; Level 3 award, certificate, diploma, ESOL, or NVQ; Music grades 6-8; Tech level",14,"Asian / Asian British",2,1,1
"UN2428",64,1,0.9583333335,0.856195314,0.510799777,-0.928327066,0.757679055,25,"Male","Integrated master's degree (E.g., MEng); Level 7 award, certificate, diploma, or NVQ; Master'39;s degree (E.g., MA, MSc); Postgraduate certificate; Postgraduate certificate in education (PGCE); Postgraduate diploma",18,"Asian / Asian British",2,0.930555555555556,1
"UR1876",54,1,0.645833333,0.074547969,0.491267557,0.182917944,0.586060765,31,"Female","Integrated master's degree (E.g., MEng); Level 7 award, certificate, diploma, or NVQ; Master'39;s degree (E.g., MA, MSc); Postgraduate certificate; Postgraduate certificate in education (PGCE); Postgraduate diploma",19,"Asian / Asian British",2,0.972222222222222,1
"UR2297",83,1,0.6875,0.202295013,0.496800053,-1.470988419,0.840535081,26,"Female","Degree apprenticeship; Degree with honours (e.g., BA, BSc); Graduate certificate; Graduate diploma; Level 6 award, certificate, diploma, or NVQ; Ordinary degree without honours",16,"Other",2,0.972222222222222,1
"US0117",63,0.9583333335,0.8958333335,-0.234039382,0.512628616,-0.16230062,0.609967819,31,"Male","Integrated master's degree (E.g., MEng); Level 7 award, certificate, diploma, or NVQ; Master'39;s degree (E.g., MA, MSc); Postgraduate certificate; Postgraduate certificate in education (PGCE); Postgraduate diploma",20,"Asian / Asian British",2,0.986111111111111,1
"UT3036",70,0.875,0.9166666665,-1.5514541,0.546550311,0.328701628,0.5918744,31,"Male","Degree apprenticeship; Degree with honours (e.g., BA, BSc); Graduate certificate; Graduate diploma; Level 6 award, certificate, diploma, or NVQ; Ordinary degree without honours",21,"Mixed / Multiple Ethnic Groups",2,0.888888888888889,6
"YA1185",65,1,0.75,-0.982050375,0.558776653,-1.052259954,0.93098883,31,"Male","Degree apprenticeship; Degree with honours (e.g., BA, BSc); Graduate certificate; Graduate diploma; Level 6 award, certificate, diploma, or NVQ; Ordinary degree without honours",16,"Asian / Asian British",2,0.916666666666667,1
"YA1310",66,1,0.9375,-0.077607766,0.528318724,0.790511167,0.583504844,18,"Female","A level; Access to higher education diploma; Advanced apprenticeship; Applied general; AS level; International Baccalaureate diploma; Level 3 award, certificate, diploma, ESOL, or NVQ; Music grades 6-8; Tech level",14,"White",2,1,3
"YA1703",80,0.4166666665,0.333333333,0.475659212,0.48163397,0.362586669,0.586740065,19,"Female","A level; Access to higher education diploma; Advanced apprenticeship; Applied general; AS level; International Baccalaureate diploma; Level 3 award, certificate, diploma, ESOL, or NVQ; Music grades 6-8; Tech level",3,"Asian / Asian British",2,0.986111111111111,3
"YA1806",76,1,0.9375,0.33899283,0.482627055,1.071172089,0.594065286,26,"Female","Integrated master's degree (E.g., MEng); Level 7 award, certificate, diploma, or NVQ; Master'39;s degree (E.g., MA, MSc); Postgraduate certificate; Postgraduate certificate in education (PGCE); Postgraduate diploma",19,"Asian / Asian British",2,1,1
"YA2120",79,0.708333333,0.1458333335,-0.993818339,0.56409154,-2.444914724,1.369827559,24,"Female","Degree apprenticeship; Degree with honours (e.g., BA, BSc); Graduate certificate; Graduate diploma; Level 6 award, certificate, diploma, or NVQ; Ordinary degree without honours",12,"Asian / Asian British",2,0.972222222222222,1
"YA2340",84,1,0.8333333335,0.897367379,0.504399442,-2.493829816,1.233181605,18,"Female","A level; Access to higher education diploma; Advanced apprenticeship; Applied general; AS level; International Baccalaureate diploma; Level 3 award, certificate, diploma, ESOL, or NVQ; Music grades 6-8; Tech level",14,"White",1,0.930555555555556,3
"YA2363",76,0.9583333335,0.9166666665,1.945838609,0.537132609,0.018097043,0.61339447,28,"Female","Degree apprenticeship; Degree with honours (e.g., BA, BSc); Graduate certificate; Graduate diploma; Level 6 award, certificate, diploma, or NVQ; Ordinary degree without honours",17,"Asian / Asian British",2,0.972222222222222,2
"YI0692",85,0.9166666665,0.875,-1.553966103,0.551154407,-0.619428593,0.609102911,20,"Female","A level; Access to higher education diploma; Advanced apprenticeship; Applied general; AS level; International Baccalaureate diploma; Level 3 award, certificate, diploma, ESOL, or NVQ; Music grades 6-8; Tech level",17,"Asian / Asian British",2,0.986111111111111,2
"YI2480",45,1,0.9583333335,0.834831817,0.488816534,0.22636521,0.592816299,29,"Male","Integrated master's degree (E.g., MEng); Level 7 award, certificate, diploma, or NVQ; Master'39;s degree (E.g., MA, MSc); Postgraduate certificate; Postgraduate certificate in education (PGCE); Postgraduate diploma",17,"Asian / Asian British",2,0.986111111111111,1
"YI2602",83,0.9583333335,0.895833333,0.20782713,0.479195841,-0.411915305,0.589884701,23,"Female","Degree apprenticeship; Degree with honours (e.g., BA, BSc); Graduate certificate; Graduate diploma; Level 6 award, certificate, diploma, or NVQ; Ordinary degree without honours",15,"Asian / Asian British",2,1,3
"YN1017",91,1,0.875,0.238730371,0.483203035,0.413289959,0.580822645,24,"Female","A level; Access to higher education diploma; Advanced apprenticeship; Applied general; AS level; International Baccalaureate diploma; Level 3 award, certificate, diploma, ESOL, or NVQ; Music grades 6-8; Tech level",16,"Asian / Asian British",1,0.986111111111111,3
"YN2494",93,0.8333333335,0.6875,1.17062105,0.489544563,0.265346358,0.614111692,34,"Female","Degree apprenticeship; Degree with honours (e.g., BA, BSc); Graduate certificate; Graduate diploma; Level 6 award, certificate, diploma, or NVQ; Ordinary degree without honours",19,"White",2,0.944444444444444,3
"YS1669",93,0.9583333335,0.9791666665,-0.430335455,0.557907549,-0.392460705,0.609414502,18,"Female","A level; Access to higher education diploma; Advanced apprenticeship; Applied general; AS level; International Baccalaureate diploma; Level 3 award, certificate, diploma, ESOL, or NVQ; Music grades 6-8; Tech level",13,"White",1,0.986111111111111,5
"YU0785",71,0.9583333335,0.9375,1.545171811,0.530158124,-2.415967216,1.634500143,25,"Female","Degree apprenticeship; Degree with honours (e.g., BA, BSc); Graduate certificate; Graduate diploma; Level 6 award, certificate, diploma, or NVQ; Ordinary degree without honours",16,"Asian / Asian British",2,0.986111111111111,1
"ZE1494",101,0.9166666665,1,0.536477349,0.480854666,-0.024423003,0.579781681,23,"Female","Diploma of higher education (DipHE); Foundation degree; Level 5 award, certificate, diploma, or NVQ",17,"Asian / Asian British",1,0.986111111111111,1
